-- phpMyAdmin SQL Dump
-- version 5.2.0
-- https://www.phpmyadmin.net/
--
-- Host: localhost:3306
-- Generation Time: Nov 14, 2022 at 10:06 AM
-- Server version: 8.0.30
-- PHP Version: 8.1.10

SET SQL_MODE = "NO_AUTO_VALUE_ON_ZERO";
START TRANSACTION;
SET time_zone = "+00:00";


/*!40101 SET @OLD_CHARACTER_SET_CLIENT=@@CHARACTER_SET_CLIENT */;
/*!40101 SET @OLD_CHARACTER_SET_RESULTS=@@CHARACTER_SET_RESULTS */;
/*!40101 SET @OLD_COLLATION_CONNECTION=@@COLLATION_CONNECTION */;
/*!40101 SET NAMES utf8mb4 */;

--
-- Database: `ci_login`
--

-- --------------------------------------------------------

--
-- Table structure for table `user`
--

CREATE TABLE `user` (
  `id` int NOT NULL,
  `name` varchar(128) NOT NULL,
  `email` varchar(128) NOT NULL,
  `image` varchar(128) NOT NULL,
  `password` varchar(256) NOT NULL,
  `role_id` int NOT NULL,
  `is_active` int NOT NULL,
  `date_created` int NOT NULL
) ENGINE=InnoDB DEFAULT CHARSET=utf8mb4 COLLATE=utf8mb4_0900_ai_ci;

--
-- Dumping data for table `user`
--

INSERT INTO `user` (`id`, `name`, `email`, `image`, `password`, `role_id`, `is_active`, `date_created`) VALUES
(9, 'Aldi Jaya Mulyana', 'aldikakabow28@gmail.com', 'Picture1.jpg', '$2y$10$VaQgMCUUXtCV/qql5TvMy.J6iwtLhD85h4qhYqqfdOSfe9vvMbQ3m', 1, 1, 1665241651),
(16, 'Aldi', 'aldijaya280902@gmail.com', 'default.jpg', '$2y$10$aNXVqtxjdbI7QEYiMCmBbeNa7k36GzfMfbBRACtrhY0eTgd5Fq7d2', 2, 1, 1668272091),
(17, 'Aldi Jaya Mulyana', '12210838@bsi.ac.id', 'default.jpg', '$2y$10$B1FmjSWqXG5ddgA8o7dAZuE904TSUXvsDJnKmvmOicpDAT8RoQ6Di', 2, 1, 1668419932);

-- --------------------------------------------------------

--
-- Table structure for table `user_access_menu`
--

CREATE TABLE `user_access_menu` (
  `id` int NOT NULL,
  `role_id` int NOT NULL,
  `menu_id` int NOT NULL
) ENGINE=InnoDB DEFAULT CHARSET=utf8mb4 COLLATE=utf8mb4_0900_ai_ci;

--
-- Dumping data for table `user_access_menu`
--

INSERT INTO `user_access_menu` (`id`, `role_id`, `menu_id`) VALUES
(1, 1, 1),
(2, 1, 2),
(3, 2, 2),
(6, 1, 3);

-- --------------------------------------------------------

--
-- Table structure for table `user_menu`
--

CREATE TABLE `user_menu` (
  `id` int NOT NULL,
  `menu` varchar(128) NOT NULL
) ENGINE=InnoDB DEFAULT CHARSET=utf8mb4 COLLATE=utf8mb4_0900_ai_ci;

--
-- Dumping data for table `user_menu`
--

INSERT INTO `user_menu` (`id`, `menu`) VALUES
(1, 'Admin'),
(2, 'User'),
(3, 'Menu');

-- --------------------------------------------------------

--
-- Table structure for table `user_role`
--

CREATE TABLE `user_role` (
  `id` int NOT NULL,
  `role` varchar(128) NOT NULL
) ENGINE=InnoDB DEFAULT CHARSET=utf8mb4 COLLATE=utf8mb4_0900_ai_ci;

--
-- Dumping data for table `user_role`
--

INSERT INTO `user_role` (`id`, `role`) VALUES
(1, 'Administrator'),
(2, 'Member\r\n');

-- --------------------------------------------------------

--
-- Table structure for table `user_sub_menu`
--

CREATE TABLE `user_sub_menu` (
  `id` int NOT NULL,
  `menu_id` int NOT NULL,
  `title` varchar(128) NOT NULL,
  `url` varchar(128) NOT NULL,
  `icon` varchar(128) NOT NULL,
  `is_active` int NOT NULL
) ENGINE=InnoDB DEFAULT CHARSET=utf8mb4 COLLATE=utf8mb4_0900_ai_ci;

--
-- Dumping data for table `user_sub_menu`
--

INSERT INTO `user_sub_menu` (`id`, `menu_id`, `title`, `url`, `icon`, `is_active`) VALUES
(1, 1, 'Dashboard', 'admin', ' fas fa-fw fa-tachometer-alt', 1),
(2, 2, 'My Profile', 'user', 'fas fa-fw fa-user', 1),
(3, 2, 'Edit Profile', 'user/edit', 'fa fa-fw fa-user-edit', 1),
(4, 3, 'Menu Management', 'menu', 'fas fa-fw fa-folder', 1),
(5, 3, 'Submenu Management', 'menu/submenu', 'fas fa-fw fa-folder-open', 1),
(7, 1, 'Role', 'admin/role', 'fa fa-fw fa-user-tie', 1),
(8, 2, 'Change Password', 'user/changepassword', 'fa fa-fw fa-key', 1);

-- --------------------------------------------------------

--
-- Table structure for table `user_token`
--

CREATE TABLE `user_token` (
  `id` int NOT NULL,
  `email` varchar(128) NOT NULL,
  `token` varchar(129) NOT NULL,
  `date_created` int NOT NULL
) ENGINE=InnoDB DEFAULT CHARSET=utf8mb4 COLLATE=utf8mb4_0900_ai_ci;

--
-- Dumping data for table `user_token`
--

INSERT INTO `user_token` (`id`, `email`, `token`, `date_created`) VALUES
(6, 'aldijaya280902@gmail.com', 'QqnESUuUttlhc2Hx9qXQPqhsQGH88gAK5Wjau7KoqmA=', 1668345129),
(7, 'aldijaya280902@gmail.com', 'IxQO2tkOFGjXEzyWbTEqXQ+mByAkkdEkBy8H71NNi24=', 1668345152);

--
-- Indexes for dumped tables
--

--
-- Indexes for table `user`
--
ALTER TABLE `user`
  ADD PRIMARY KEY (`id`);

--
-- Indexes for table `user_access_menu`
--
ALTER TABLE `user_access_menu`
  ADD PRIMARY KEY (`id`);

--
-- Indexes for table `user_menu`
--
ALTER TABLE `user_menu`
  ADD PRIMARY KEY (`id`);

--
-- Indexes for table `user_role`
--
ALTER TABLE `user_role`
  ADD PRIMARY KEY (`id`);

--
-- Indexes for table `user_sub_menu`
--
ALTER TABLE `user_sub_menu`
  ADD PRIMARY KEY (`id`);

--
-- Indexes for table `user_token`
--
ALTER TABLE `user_token`
  ADD PRIMARY KEY (`id`);

--
-- AUTO_INCREMENT for dumped tables
--

--
-- AUTO_INCREMENT for table `user`
--
ALTER TABLE `user`
  MODIFY `id` int NOT NULL AUTO_INCREMENT, AUTO_INCREMENT=18;

--
-- AUTO_INCREMENT for table `user_access_menu`
--
ALTER TABLE `user_access_menu`
  MODIFY `id` int NOT NULL AUTO_INCREMENT, AUTO_INCREMENT=7;

--
-- AUTO_INCREMENT for table `user_menu`
--
ALTER TABLE `user_menu`
  MODIFY `id` int NOT NULL AUTO_INCREMENT, AUTO_INCREMENT=8;

--
-- AUTO_INCREMENT for table `user_role`
--
ALTER TABLE `user_role`
  MODIFY `id` int NOT NULL AUTO_INCREMENT, AUTO_INCREMENT=3;

--
-- AUTO_INCREMENT for table `user_sub_menu`
--
ALTER TABLE `user_sub_menu`
  MODIFY `id` int NOT NULL AUTO_INCREMENT, AUTO_INCREMENT=9;

--
-- AUTO_INCREMENT for table `user_token`
--
ALTER TABLE `user_token`
  MODIFY `id` int NOT NULL AUTO_INCREMENT, AUTO_INCREMENT=10;
COMMIT;

/*!40101 SET CHARACTER_SET_CLIENT=@OLD_CHARACTER_SET_CLIENT */;
/*!40101 SET CHARACTER_SET_RESULTS=@OLD_CHARACTER_SET_RESULTS */;
/*!40101 SET COLLATION_CONNECTION=@OLD_COLLATION_CONNECTION */;
